,Feature name,Feature coeffs
0,Age,0.29023519546671844
1,Female,-0.12915585178281094
2,Education,-0.09268458488872262
3,Fiber,0.062002984408767274
