,Feature name,Feature importance
11,Polyunsaturated fatty acids,0.10596971027292433
6,Sugars,0.1024379338942777
5,Carbohydrate,0.09788236111390321
4,Protein,0.09661711864204994
9,Saturated fatty acids,0.09092281843253149
